 ,HIS,ARG,LYS,GLN,GLU,ASP,ASN,GLY,ALA,SER,THR,PRO,CYS,VAL,ILE,MET,LEU,PHE,TYR,TRP
HIS,0.08023966519134074,0.024086953903591966,0.07141781832415019,0.009273477252882908,0.07117694878511427,0.06672086231294976,0.0722608617107759,0.027519344834853823,0.03022912714900792,0.028241953451961583,0.054225754975461414,0.05738716767530786,0.05178695089272273,0.045313582031132386,0.053051515972661306,0.030289344533766898,0.04757173395959414,0.059554993526631135,0.07262216601932978,0.04702977749676331
ARG,0.027512369902746973,0.05329010976511403,0.14474208041858613,0.01821361542398908,0.1224336006369789,0.043067167150088154,0.04167377580617642,0.016052437013023942,0.04153159301598135,0.023730307683557984,0.06132343741113576,0.06625718023090485,0.030981629983506797,0.04683501109025764,0.053432292555309104,0.03755047489051925,0.05688733435704942,0.03089632030938975,0.04292498435989308,0.04066427799579139
LYS,0.023043978118327795,0.04180511161926901,0.20221596149229973,0.018874837340340858,0.1600823721147651,0.051773148206637774,0.040516468106073046,0.019026442459540382,0.031243288315035436,0.02426945283185729,0.06342147486513461,0.07928947734135156,0.01699240711028009,0.03565247053175496,0.04129976122193726,0.02744052657511402,0.04305585385266509,0.018457923262542166,0.03220345406996576,0.029335590565108084
GLN,0.02289081644560271,0.03716597300556226,0.14018437123186434,0.03796335913493329,0.16797619510677195,0.05737290443035513,0.04636508615659886,0.016647866505892877,0.040900073904080285,0.02209343031623167,0.05700338402893928,0.054591777198646385,0.03197323894356062,0.039947100237270994,0.046715158115834925,0.03963592516239449,0.05404722081761251,0.023960480765490684,0.028433622466840405,0.034132016025516354
GLU,0.019859211981213667,0.031091599794182367,0.13806202993113867,0.020527024512004204,0.266479095278237,0.07125888135927219,0.03276660499436191,0.013082556955650679,0.032832291472800326,0.025672465323013257,0.05427892668294232,0.07680938878731813,0.019793525502775255,0.027982439814764132,0.034397819208915846,0.026143218418488556,0.03657642074378989,0.016673417776950614,0.02383324392673768,0.03187983753544333
ASP,0.02253395195978928,0.014317819341742788,0.06336088154269973,0.008639021796916533,0.15100768450050747,0.2933038519162921,0.09204485041805616,0.028792711807065875,0.02562708423952443,0.032284568169735635,0.03868831859262481,0.07644628099173553,0.03102798318109323,0.011019283746556474,0.016988062442607896,0.016069788797061526,0.01948914987192499,0.01677057657918902,0.016275192112512687,0.02531293799236383
ASN,0.034037949400798934,0.017909454061251665,0.05815579227696405,0.008804926764314248,0.08300599201065247,0.17839547270306258,0.18420439414114514,0.042043941411451395,0.03365512649800266,0.026731025299600534,0.04840213049267643,0.05687416777629827,0.05352862849533955,0.019873501997336885,0.023185752330226364,0.025133155792276964,0.028811584553928096,0.025882157123834886,0.024500665778961386,0.026864181091877496
GLY,0.004912539754656974,0.004391943056186582,0.015712554899288203,0.0024515371800696655,0.028197410268059973,0.028585491443283356,0.0228494623655914,0.661082083901257,0.05204073905800394,0.020000378615780707,0.018779342723004695,0.03562774496441012,0.03227699530516432,0.008471528093290928,0.005698167499621384,0.012598440102983492,0.010118506739360896,0.013204225352112676,0.009276086627290625,0.013724822050583068
ALA,0.011814524666525513,0.023188651280965488,0.061139106500105865,0.008663984755452043,0.10633919119203895,0.03269108617404192,0.021164514080033878,0.03596019479144612,0.19568071141223797,0.028846072411602794,0.02736396358246877,0.0847935634130849,0.08730891382595808,0.03979673936057591,0.03673936057590514,0.0411348719034512,0.061266144399745925,0.03808596231208977,0.02446749947067542,0.03355494389159432
SER,0.021872848290107872,0.015664448014689008,0.06061510213449621,0.008721597429423916,0.0976933669956392,0.07728941932522378,0.03741106265779206,0.04212761074133578,0.07277943539132431,0.1355519853109938,0.09302272205646087,0.08447326141840716,0.0698875372963048,0.026210695432637137,0.01786779894422768,0.02723204039476704,0.025338535689694745,0.0251090199678678,0.02825338535689695,0.032878127151709895
THR,0.01713078450338543,0.017678053250521814,0.07022858015578068,0.009723565646795296,0.07222674744183678,0.05261416280608868,0.023672555108690117,0.01665987883724482,0.03436338644809856,0.041401517079875785,0.2516672606017411,0.049597821106755584,0.0544723311103192,0.06685587741180064,0.05015781703405794,0.025288906989767348,0.03928880517232602,0.037125184544112406,0.034757929033243394,0.03508883571755842
PRO,0.0017157346532849485,0.0008047251028681617,0.010461426337286103,0.00039477080518060764,0.021074687599641668,0.016656291280120254,0.0013665143256251803,0.008214269446258029,0.006862938613139794,0.008700141206480315,0.004797983632195077,0.87608751765081,0.00671110368807033,0.0029000470688267713,0.0016550006832571629,0.008472388818876117,0.004676515692139506,0.005223121422389578,0.0013968813106390733,0.011827940662911283
CYS,0.020847848223377458,0.010611501152258963,0.017793022134090786,0.0053057505761294815,0.014738196044804116,0.03092341497400718,0.03601479178948497,0.03601479178948497,0.07219036389945871,0.028458116726512675,0.046840666702395624,0.04576879789913715,0.25649820461975453,0.08162280936813333,0.05557639744895225,0.03874805723779409,0.062007610268503134,0.05895278417921646,0.0414277292459403,0.0396591457205638
VAL,0.011535330672861199,0.013739154605197848,0.04168403915261977,0.005837155280243016,0.03405999960291461,0.013262652133341275,0.007008557190223757,0.0036333313479063674,0.022891972918776184,0.005449997021859551,0.056892409712708716,0.03811027061369548,0.05132328707288503,0.25326106379176844,0.21056445688645342,0.028272479996823318,0.07224968729525284,0.05208767645482161,0.04150535072567356,0.03663112752397403
ILE,0.010509255742105397,0.015548633796753527,0.0375294385778318,0.004811466484337411,0.030261591835701082,0.01382663526551698,0.0073058320038491735,0.003026159183570108,0.02051204132796475,0.005165995593709641,0.04467066778090101,0.033743574159892625,0.03737749753095799,0.18844488338524654,0.2930942794195852,0.02802046139431234,0.0962040061789359,0.05397705690192205,0.03508572007394464,0.04088480336296184
MET,0.015563675734199485,0.026762755447286506,0.04939775341724185,0.01289078359723914,0.04970226011638923,0.02554472865069698,0.025138719718500475,0.013871971850047368,0.05562322371092164,0.014379483015293003,0.0389768574908648,0.048518067397482746,0.06800649614291514,0.07531465692245229,0.0963256191636216,0.1003180403302206,0.13868588442279065,0.059852483421301936,0.03813100554878874,0.04699553390174584
LEU,0.0132743016716077,0.021910028863979473,0.04635445592572023,0.008690482708990074,0.0388764167989925,0.019618119382670662,0.01518292253658842,0.007837861093076557,0.035051352852371306,0.007259017060254535,0.0320476216550246,0.050703608388545145,0.04672992232538857,0.08131976439483421,0.1464162514373323,0.059777379713863314,0.19725283750909334,0.07524190205020298,0.04209134784615264,0.05436440578531144
PHE,0.027609201891186225,0.015471738056594454,0.02909110154540964,0.003987015736362995,0.027185801989979535,0.024363135981934937,0.026921177051725354,0.014430879966128008,0.029496859784066052,0.010990755768823654,0.039781949050878555,0.04394538141274434,0.058129278103168446,0.07490649918848352,0.09990473502222849,0.030361301249029707,0.09140145367299414,0.16498482817020677,0.11472373156446264,0.07231317479359255
TYR,0.03385462771712403,0.01996655847349267,0.039087243041211764,0.005016228976099144,0.03391364217566637,0.030943247762368446,0.03021540277367955,0.015265073276286024,0.028405626045047705,0.014202813022523852,0.04213632339923281,0.04418215796203403,0.05484410347201731,0.06558473492672372,0.08598406609619356,0.024372971377987607,0.06953870364906069,0.12680239992131406,0.163627422051736,0.07205665388020065
TRP,0.021525661490833455,0.01789774101485029,0.03289314564891404,0.005079088666376433,0.0413582934262081,0.03681129976297586,0.024379625598606878,0.019348909205243556,0.032651284283848496,0.018574952837033813,0.03739176703913317,0.060513713539399216,0.052193682581144485,0.05214531030813138,0.08387752140473081,0.028733130169786677,0.08320030958254729,0.0985343201277028,0.09079475644560538,0.16209548686692787
